Model,R² Score,RMSE,MAE,CV R² Mean,CV R² Std
Linear Regression,1.0,3.3019292572966637e-16,2.760833292891797e-16,1.0,0.0
Gradient Boosting,0.9997581545304289,1.1680498634649434e-06,7.286440214202648e-07,0.9812672894196602,0.022764944346491733
Random Forest,0.9992203363066657,2.0972299941748663e-06,1.106702482335798e-06,0.9750783808129635,0.0361465256128699
Ridge Regression,0.8414430164395994,2.9907843014477883e-05,1.6417072221916394e-05,0.816071802619844,0.1621547225669699
ElasticNet,-0.0038652001326369145,7.525408931194706e-05,6.155130567844872e-05,-0.009729532999034608,0.007926507685497202
Lasso Regression,-0.0038652001326369145,7.525408931194706e-05,6.155130567844872e-05,-0.009729532999034608,0.007926507685497202
SVR,-4.817680068397769,0.00018116208988466236,0.0001648585147591032,-3.519929463692744,1.2195836860536255
Neural Network,-5184420.945988095,0.17101829605768126,0.11965384181533852,-5428594.109702368,4080205.187072138
